www.adagostay.pl/,https://adagostay.pl/,301,TRUE,FALSE,TRUE,TRUE
https://adagostay.pl/pl/,https://adagostay.pl/,301,TRUE,FALSE,FALSE,FALSE
https://adagostay.pl/pl/index.html,https://adagostay.pl/,301,TRUE,FALSE,FALSE,FALSE
https://adagostay.pl/antracyt/,https://adagostay.pl/pl/apartament/antracyt/,301,TRUE,FALSE,FALSE,FALSE
https://adagostay.pl/antracyt/index.html,https://adagostay.pl/pl/apartament/antracyt/,301,TRUE,FALSE,FALSE,FALSE
https://adagostay.pl/gold/,https://adagostay.pl/pl/apartament/gold/,301,TRUE,FALSE,FALSE,FALSE
https://adagostay.pl/gold/index.html,https://adagostay.pl/pl/apartament/gold/,301,TRUE,FALSE,FALSE,FALSE
https://adagostay.pl/oaza/,https://adagostay.pl/pl/apartament/oaza/,301,TRUE,FALSE,FALSE,FALSE
https://adagostay.pl/oaza/index.html,https://adagostay.pl/pl/apartament/oaza/,301,TRUE,FALSE,FALSE,FALSE
https://adagostay.pl/pl/nocleg-szczawno-zdroj/,https://adagostay.pl/pl/noclegi-szczawno-zdroj/,301,TRUE,FALSE,FALSE,FALSE
https://adagostay.pl/pl/nocleg-szczawno-zdroj/index.html,https://adagostay.pl/pl/noclegi-szczawno-zdroj/,301,TRUE,FALSE,FALSE,FALSE
https://adagostay.pl/pl/blog/nocleg-walbrzych/,https://adagostay.pl/pl/noclegi-walbrzych/,301,TRUE,FALSE,FALSE,FALSE
https://adagostay.pl/pl/blog/nocleg-walbrzych/index.html,https://adagostay.pl/pl/noclegi-walbrzych/,301,TRUE,FALSE,FALSE,FALSE
https://adagostay.pl/pl/blog/nocleg-walbrzych-centrum/,https://adagostay.pl/pl/noclegi-walbrzych/,301,TRUE,FALSE,FALSE,FALSE
https://adagostay.pl/pl/blog/nocleg-walbrzych-centrum/index.html,https://adagostay.pl/pl/noclegi-walbrzych/,301,TRUE,FALSE,FALSE,FALSE
https://adagostay.pl/pl/blog/apartamenty-walbrzych/,https://adagostay.pl/pl/noclegi-walbrzych/,301,TRUE,FALSE,FALSE,FALSE
https://adagostay.pl/pl/blog/apartamenty-walbrzych/index.html,https://adagostay.pl/pl/noclegi-walbrzych/,301,TRUE,FALSE,FALSE,FALSE
https://adagostay.pl/pl/blog/noclegi-walbrzych-tanio/,https://adagostay.pl/pl/noclegi-walbrzych/,301,TRUE,FALSE,FALSE,FALSE
https://adagostay.pl/pl/blog/noclegi-walbrzych-tanio/index.html,https://adagostay.pl/pl/noclegi-walbrzych/,301,TRUE,FALSE,FALSE,FALSE
https://adagostay.pl/pl/blog/wynajem-krotkoterminowy-walbrzych/,https://adagostay.pl/pl/noclegi-walbrzych/,301,TRUE,FALSE,FALSE,FALSE
https://adagostay.pl/pl/blog/wynajem-krotkoterminowy-walbrzych/index.html,https://adagostay.pl/pl/noclegi-walbrzych/,301,TRUE,FALSE,FALSE,FALSE
https://adagostay.pl/pl/blog/noclegi-dla-firm-walbrzych/,https://adagostay.pl/pl/blog/apartament-dla-firm-w-walbrzychu/,301,TRUE,FALSE,FALSE,FALSE
https://adagostay.pl/pl/blog/noclegi-dla-firm-walbrzych/index.html,https://adagostay.pl/pl/blog/apartament-dla-firm-w-walbrzychu/,301,TRUE,FALSE,FALSE,FALSE
https://adagostay.pl/pl/blog/apartamenty-na-doby-walbrzych/,https://adagostay.pl/pl/noclegi-walbrzych/,301,TRUE,FALSE,FALSE,FALSE
https://adagostay.pl/pl/blog/apartamenty-na-doby-walbrzych/index.html,https://adagostay.pl/pl/noclegi-walbrzych/,301,TRUE,FALSE,FALSE,FALSE
https://adagostay.pl/pl/blog/gdzie-spac-w-walbrzychu/,https://adagostay.pl/pl/noclegi-walbrzych/,301,TRUE,FALSE,FALSE,FALSE
https://adagostay.pl/pl/blog/gdzie-spac-w-walbrzychu/index.html,https://adagostay.pl/pl/noclegi-walbrzych/,301,TRUE,FALSE,FALSE,FALSE
https://adagostay.pl/pl/blog/gdzie-nocowac-walbrzych/,https://adagostay.pl/pl/noclegi-walbrzych/,301,TRUE,FALSE,FALSE,FALSE
https://adagostay.pl/pl/blog/gdzie-nocowac-walbrzych/index.html,https://adagostay.pl/pl/noclegi-walbrzych/,301,TRUE,FALSE,FALSE,FALSE
https://adagostay.pl/pl/blog/najlepszy-nocleg-walbrzych/,https://adagostay.pl/pl/noclegi-walbrzych/,301,TRUE,FALSE,FALSE,FALSE
https://adagostay.pl/pl/blog/najlepszy-nocleg-walbrzych/index.html,https://adagostay.pl/pl/noclegi-walbrzych/,301,TRUE,FALSE,FALSE,FALSE
https://adagostay.pl/pl/blog/hotel-czy-apartament-walbrzych/,https://adagostay.pl/pl/blog/apartament-czy-hotel-co-sprawdzi-sie-lepiej/,301,TRUE,FALSE,FALSE,FALSE
https://adagostay.pl/pl/blog/hotel-czy-apartament-walbrzych/index.html,https://adagostay.pl/pl/blog/apartament-czy-hotel-co-sprawdzi-sie-lepiej/,301,TRUE,FALSE,FALSE,FALSE
https://adagostay.pl/pl/blog/nocleg-na-weekend-walbrzych/,https://adagostay.pl/pl/noclegi-walbrzych/,301,TRUE,FALSE,FALSE,FALSE
https://adagostay.pl/pl/blog/nocleg-na-weekend-walbrzych/index.html,https://adagostay.pl/pl/noclegi-walbrzych/,301,TRUE,FALSE,FALSE,FALSE
https://adagostay.pl/pl/blog/nocleg-dla-par-walbrzych/,https://adagostay.pl/pl/noclegi-walbrzych/,301,TRUE,FALSE,FALSE,FALSE
https://adagostay.pl/pl/blog/nocleg-dla-par-walbrzych/index.html,https://adagostay.pl/pl/noclegi-walbrzych/,301,TRUE,FALSE,FALSE,FALSE
https://adagostay.pl/pl/blog/nocleg-dla-pracownikow-walbrzych/,https://adagostay.pl/pl/blog/apartament-dla-firm-w-walbrzychu/,301,TRUE,FALSE,FALSE,FALSE
https://adagostay.pl/pl/blog/nocleg-dla-pracownikow-walbrzych/index.html,https://adagostay.pl/pl/blog/apartament-dla-firm-w-walbrzychu/,301,TRUE,FALSE,FALSE,FALSE
https://adagostay.pl/pl/blog/gdzie-zatrzymac-sie-w-walbrzychu/,https://adagostay.pl/pl/noclegi-walbrzych/,301,TRUE,FALSE,FALSE,FALSE
https://adagostay.pl/pl/blog/gdzie-zatrzymac-sie-w-walbrzychu/index.html,https://adagostay.pl/pl/noclegi-walbrzych/,301,TRUE,FALSE,FALSE,FALSE
https://adagostay.pl/pl/blog/tani-nocleg-walbrzych-centrum/,https://adagostay.pl/pl/noclegi-walbrzych/,301,TRUE,FALSE,FALSE,FALSE
https://adagostay.pl/pl/blog/tani-nocleg-walbrzych-centrum/index.html,https://adagostay.pl/pl/noclegi-walbrzych/,301,TRUE,FALSE,FALSE,FALSE
https://adagostay.pl/pl/blog/noclegi-szczawno-zdroj-centrum/,https://adagostay.pl/pl/noclegi-szczawno-zdroj/,301,TRUE,FALSE,FALSE,FALSE
https://adagostay.pl/pl/blog/noclegi-szczawno-zdroj-centrum/index.html,https://adagostay.pl/pl/noclegi-szczawno-zdroj/,301,TRUE,FALSE,FALSE,FALSE
https://adagostay.pl/pl/blog/apartamenty-szczawno-zdroj/,https://adagostay.pl/pl/noclegi-szczawno-zdroj/,301,TRUE,FALSE,FALSE,FALSE
https://adagostay.pl/pl/blog/apartamenty-szczawno-zdroj/index.html,https://adagostay.pl/pl/noclegi-szczawno-zdroj/,301,TRUE,FALSE,FALSE,FALSE
https://adagostay.pl/pl/blog/gdzie-spac-blisko-ksiaza/,https://adagostay.pl/pl/blog/nocleg-blisko-zamku-ksiaz/,301,TRUE,FALSE,FALSE,FALSE
https://adagostay.pl/pl/blog/gdzie-spac-blisko-ksiaza/index.html,https://adagostay.pl/pl/blog/nocleg-blisko-zamku-ksiaz/,301,TRUE,FALSE,FALSE,FALSE
https://adagostay.pl/pl/blog/noclegi-okolice-walbrzycha/,https://adagostay.pl/pl/noclegi-walbrzych/,301,TRUE,FALSE,FALSE,FALSE
https://adagostay.pl/pl/blog/noclegi-okolice-walbrzycha/index.html,https://adagostay.pl/pl/noclegi-walbrzych/,301,TRUE,FALSE,FALSE,FALSE
https://adagostay.pl/pl/blog/nocleg-dolny-slask-walbrzych/,https://adagostay.pl/pl/noclegi-walbrzych/,301,TRUE,FALSE,FALSE,FALSE
https://adagostay.pl/pl/blog/nocleg-dolny-slask-walbrzych/index.html,https://adagostay.pl/pl/noclegi-walbrzych/,301,TRUE,FALSE,FALSE,FALSE
https://adagostay.pl/pl/blog/nocleg-blisko-atrakcji-walbrzych/,https://adagostay.pl/pl/noclegi-walbrzych/,301,TRUE,FALSE,FALSE,FALSE
https://adagostay.pl/pl/blog/nocleg-blisko-atrakcji-walbrzych/index.html,https://adagostay.pl/pl/noclegi-walbrzych/,301,TRUE,FALSE,FALSE,FALSE
https://adagostay.pl/pl/blog/nocleg-na-wyjazd-sluzbowy-walbrzych/,https://adagostay.pl/pl/blog/apartament-dla-firm-w-walbrzychu/,301,TRUE,FALSE,FALSE,FALSE
https://adagostay.pl/pl/blog/nocleg-na-wyjazd-sluzbowy-walbrzych/index.html,https://adagostay.pl/pl/blog/apartament-dla-firm-w-walbrzychu/,301,TRUE,FALSE,FALSE,FALSE
https://adagostay.pl/pl/blog/apartamenty-dla-turystow-walbrzych/,https://adagostay.pl/pl/noclegi-walbrzych/,301,TRUE,FALSE,FALSE,FALSE
https://adagostay.pl/pl/blog/apartamenty-dla-turystow-walbrzych/index.html,https://adagostay.pl/pl/noclegi-walbrzych/,301,TRUE,FALSE,FALSE,FALSE
https://adagostay.pl/pl/blog/nocleg-na-jedna-noc-walbrzych/,https://adagostay.pl/pl/noclegi-walbrzych/,301,TRUE,FALSE,FALSE,FALSE
https://adagostay.pl/pl/blog/nocleg-na-jedna-noc-walbrzych/index.html,https://adagostay.pl/pl/noclegi-walbrzych/,301,TRUE,FALSE,FALSE,FALSE
https://adagostay.pl/pl/blog/apartament-z-parkingiem-walbrzych/,https://adagostay.pl/pl/noclegi-walbrzych/,301,TRUE,FALSE,FALSE,FALSE
https://adagostay.pl/pl/blog/apartament-z-parkingiem-walbrzych/index.html,https://adagostay.pl/pl/noclegi-walbrzych/,301,TRUE,FALSE,FALSE,FALSE
https://adagostay.pl/pl/blog/bezposrednia-rezerwacja-apartamentu-walbrzych/,https://adagostay.pl/pl/blog/bezposrednia-rezerwacja-dlaczego-warto/,301,TRUE,FALSE,FALSE,FALSE
https://adagostay.pl/pl/blog/bezposrednia-rezerwacja-apartamentu-walbrzych/index.html,https://adagostay.pl/pl/blog/bezposrednia-rezerwacja-dlaczego-warto/,301,TRUE,FALSE,FALSE,FALSE
https://adagostay.pl/index.html,/,301,TRUE,FALSE,FALSE,FALSE
